snum,dnum,acadperf,meals,ell,yr_rnd,mobility,acs,not_hsg,hsg,some_col,col_grad,grad_sch,full,emer,enroll,mealcat
906,41,693,67,9,0,11,16,0,0,0,0,0,76,24,247,2
889,41,570,92,21,0,33,15,0,0,0,0,0,79,19,463,3
887,41,546,97,29,0,36,17,0,0,0,0,0,68,29,395,3
876,41,571,90,27,0,27,20,36,45,9,9,0,87,11,418,3
888,41,478,89,30,0,44,18,50,50,0,0,0,87,13,520,3
4284,98,858,10,3,0,10,20,1,8,24,36,31,100,0,343,1
4271,98,918,5,2,0,16,19,1,4,18,34,43,100,0,303,1
2910,108,831,2,3,0,44,20,0,4,16,50,30,96,2,1513,1
2899,108,860,5,6,0,10,20,2,9,15,42,33,100,0,660,1
2887,108,737,29,15,0,17,21,8,25,34,27,7,96,7,362,1
2911,108,851,1,2,0,16,20,0,3,16,45,37,100,2,768,1
2882,108,536,71,69,0,8,21,61,15,6,10,8,100,6,404,2
2907,108,847,3,2,0,11,20,1,5,17,41,37,97,3,586,1
2908,108,765,13,8,0,19,21,5,34,27,31,3,98,2,633,1
2895,108,809,7,8,0,16,20,5,27,25,37,6,89,7,379,1
2880,108,813,22,11,0,12,21,10,35,23,27,6,100,0,417,1
2890,108,856,7,6,0,13,21,1,10,15,42,32,100,0,670,1
3948,131,712,40,12,1,19,19,14,30,31,19,6,85,12,589,1
3956,131,805,10,1,0,26,21,2,16,41,29,12,93,7,770,1
3947,131,678,37,16,1,16,20,12,27,29,27,6,83,15,694,1
3952,131,619,57,25,1,24,19,19,25,29,20,6,75,25,611,2
3954,131,713,29,14,1,14,20,11,29,28,26,7,80,15,594,1
3943,131,704,57,19,1,22,20,15,32,35,14,5,69,29,564,2
3945,131,523,69,43,1,31,19,32,34,18,12,4,71,29,645,2
4293,135,655,65,44,0,21,20,0,0,0,0,0,100,0,414,2
4299,135,523,74,52,1,23,19,0,0,0,100,0,87,13,631,2
4318,135,521,74,63,0,15,19,0,0,0,0,0,94,3,343,2
4319,135,709,18,16,0,20,17,0,0,0,0,0,96,7,404,1
4296,135,505,75,59,0,27,19,0,0,0,0,0,94,6,504,2
4317,135,762,18,16,0,15,20,0,100,0,0,0,100,0,512,1
4322,135,722,11,21,0,20,20,0,0,0,0,0,95,5,637,1
4307,135,603,71,54,0,19,19,50,25,25,0,0,88,15,594,2
4302,135,657,67,36,0,17,19,22,44,33,0,0,100,0,500,2
4314,135,705,46,42,0,32,17,0,0,0,100,0,96,0,320,1
4292,135,754,25,25,0,18,20,13,40,33,0,13,100,4,309,1
4304,135,490,71,54,0,25,23,0,0,0,0,0,65,43,748,2
4308,135,698,44,18,0,21,19,100,0,0,0,0,100,0,527,1
600,140,843,25,6,0,17,20,6,35,22,28,9,91,6,465,1
596,140,800,56,6,0,41,19,9,32,32,21,5,94,6,451,2
611,140,857,13,4,0,12,20,4,11,35,31,19,100,0,432,1
595,140,713,63,35,0,15,21,40,29,15,12,4,92,8,524,2
592,140,804,38,8,0,33,21,10,30,35,20,5,97,3,427,1
602,140,864,24,5,0,35,21,4,19,33,30,14,100,3,562,1
5222,166,940,0,2,0,3,20,0,0,4,28,67,90,0,305,1
5210,166,792,9,3,0,19,20,2,5,17,38,38,84,0,467,1
5217,166,887,3,5,0,14,21,0,4,7,32,57,93,10,520,1
3644,209,775,26,13,0,18,21,4,10,35,36,16,93,7,816,1
3643,209,822,16,10,1,47,21,1,11,29,38,19,95,3,830,1
3624,209,806,21,6,1,25,19,5,30,28,21,16,90,5,487,1
3623,209,816,16,6,0,18,19,6,17,27,36,14,100,0,307,1
3629,209,553,86,38,1,32,20,33,28,27,8,4,95,5,819,3
3622,209,686,75,33,1,24,21,32,35,16,14,3,98,2,744,2
4017,238,483,79,40,1,24,20,37,27,27,7,3,87,13,672,2
58,248,801,20,12,0,18,19,7,16,25,36,15,89,14,416,1
70,248,753,25,19,0,14,21,10,22,19,34,16,85,20,286,1
65,248,903,7,8,0,21,22,1,9,15,34,41,77,23,488,1
657,253,454,100,53,1,21,19,47,33,11,8,0,93,11,656,3
697,253,440,100,67,1,19,19,58,26,12,3,1,88,19,577,3
646,253,519,93,33,0,19,19,43,27,19,10,1,100,5,523,3
640,253,512,84,33,1,24,19,27,35,21,16,2,98,10,672,3
629,253,525,92,41,1,15,19,45,34,14,6,1,98,2,678,3
659,253,486,90,44,1,27,19,47,32,12,8,2,94,15,680,3
699,253,437,90,70,1,17,19,64,20,8,7,0,93,15,700,3
637,253,447,100,51,0,22,20,61,19,15,4,2,100,7,396,3
663,253,518,86,22,0,18,19,15,36,27,19,2,93,13,495,3
633,253,479,100,59,1,21,19,59,26,9,5,1,94,10,929,3
690,253,424,100,36,0,20,17,46,28,16,10,0,87,20,205,3
2982,259,536,93,84,0,14,21,0,0,0,0,0,92,8,570,3
3000,259,628,75,74,0,25,20,0,0,50,50,0,84,16,485,2
2997,259,627,71,71,0,15,20,39,24,15,20,2,96,4,410,2
3005,259,596,65,46,0,20,21,40,42,14,3,0,100,0,224,2
2972,259,664,72,71,0,13,19,19,30,26,23,2,91,13,306,2
3011,259,655,56,52,0,19,21,24,34,32,10,0,96,4,447,2
2977,259,616,75,65,0,23,21,34,31,15,19,1,93,7,432,2
3013,259,538,80,82,0,19,21,24,42,22,7,5,91,9,544,2
3024,259,727,60,50,0,24,21,21,24,17,25,12,100,0,547,2
3004,259,822,8,4,0,10,19,0,19,19,29,33,87,13,313,1
3010,259,638,80,71,0,11,20,64,30,4,2,0,93,7,705,2
2460,284,581,70,26,0,14,23,22,29,23,21,6,63,32,182,2
2479,284,784,23,25,0,21,21,5,21,20,44,10,58,25,166,1
2459,284,871,14,15,0,15,21,1,8,13,41,36,83,13,404,1
105,294,567,62,43,0,20,20,19,24,32,21,4,80,25,626,2
94,294,620,51,20,0,20,19,10,28,40,15,7,88,12,242,2
93,294,761,15,3,0,21,20,1,14,30,37,19,86,14,267,1
116,294,513,82,56,0,16,,25,36,26,10,4,46,42,558,3
3236,316,912,6,7,0,22,21,0,0,33,0,67,97,6,611,1
3240,316,883,7,20,0,35,19,0,0,0,100,0,100,0,440,1
3241,316,844,12,14,0,21,21,0,0,67,33,0,100,3,381,1
3256,316,880,11,7,0,11,21,0,50,50,0,0,90,3,503,1
3250,316,894,4,4,0,13,20,0,0,0,0,0,97,0,466,1
3247,316,858,4,8,0,17,20,0,20,0,80,0,95,5,357,1
3258,316,847,7,7,0,17,20,0,0,0,0,0,100,0,388,1
1497,395,604,100,68,1,12,20,48,33,13,6,1,37,53,591,3
1478,395,553,100,70,1,11,19,62,25,9,3,0,73,17,637,3
1474,395,657,64,19,0,25,19,23,46,17,14,1,90,3,403,2
1511,395,492,89,48,0,42,18,32,32,24,10,2,44,47,810,3
1539,395,700,80,51,0,11,20,26,27,30,13,4,83,14,295,2
1490,395,590,89,58,1,16,19,29,39,22,7,2,58,29,837,3
1500,395,777,37,11,0,15,20,4,32,23,31,10,84,9,669,1
1515,395,667,85,52,1,18,19,41,36,12,8,3,80,16,621,3
1512,395,769,47,20,0,17,16,16,11,30,30,13,95,5,467,2
1475,395,650,78,33,0,21,19,19,37,26,11,8,85,15,262,2
1522,395,561,100,86,1,8,20,44,37,14,5,0,48,31,795,3
1472,395,561,83,28,0,21,19,7,39,25,26,3,45,41,750,3
1516,395,597,100,71,1,15,20,55,26,13,5,1,68,32,590,3
1489,395,568,84,55,1,16,20,33,47,14,4,2,78,15,1029,3
1493,395,637,78,30,0,28,19,24,25,24,22,5,59,23,891,2
1606,401,588,61,1,0,20,16,0,10,36,48,6,73,19,285,2
1866,401,821,48,9,0,20,18,5,17,15,40,23,82,18,393,2
1747,401,559,100,74,0,11,17,53,28,12,5,2,84,8,419,3
1905,401,693,50,4,0,11,18,13,42,19,21,5,81,12,353,2
1699,401,542,99,53,0,10,19,33,33,20,15,0,67,24,414,3
2077,401,840,33,25,0,11,20,0,0,0,0,0,100,0,276,1
1959,401,621,82,45,0,17,18,42,50,8,0,0,86,11,320,3
1914,401,487,91,48,1,22,18,33,32,22,8,5,72,21,717,3
1685,401,686,62,21,0,10,16,10,40,28,19,3,85,15,278,2
1757,401,463,88,75,1,24,19,48,32,10,11,1,75,20,631,3
2087,401,476,90,70,1,10,18,28,43,14,14,1,71,25,852,3
1946,401,821,21,4,0,12,18,4,25,22,35,14,76,12,405,1
1821,401,412,100,77,1,8,19,67,21,8,4,1,62,28,1264,3
1881,401,394,99,42,1,22,17,29,35,23,11,3,68,24,629,3
1862,401,815,24,18,0,15,18,10,9,10,32,39,100,0,300,1
1932,401,694,56,24,0,24,18,18,36,16,25,5,81,12,361,2
1919,401,433,100,74,1,15,19,49,29,9,5,8,50,36,859,3
1788,401,560,72,1,0,26,17,3,6,52,27,13,73,19,321,2
1664,401,572,76,44,0,12,18,19,26,24,22,8,90,7,380,2
1885,401,605,68,31,0,15,17,11,19,15,52,3,81,19,277,2
1682,401,755,27,2,0,10,16,1,18,34,29,19,84,8,283,1
1853,401,475,95,64,0,21,20,32,36,18,11,2,67,29,307,3
2082,401,520,95,53,1,27,18,43,30,17,7,3,48,42,1036,3
1806,401,406,100,75,1,15,19,0,100,0,0,0,59,33,699,3
1997,401,471,99,46,1,15,19,36,27,15,13,9,64,30,743,3
1701,401,664,52,22,0,19,16,4,17,28,38,13,64,20,371,2
1926,401,457,91,74,1,31,20,45,36,11,8,1,66,23,1059,3
1633,401,584,97,61,0,15,14,52,43,2,3,0,86,7,244,3
1690,401,735,71,24,0,10,18,7,17,17,31,29,80,7,388,2
1696,401,536,77,9,0,18,19,7,25,28,36,4,50,35,528,2
1775,401,771,31,11,0,16,17,10,26,23,26,14,81,15,328,1
1673,401,483,100,76,0,12,19,31,33,14,16,5,59,26,492,3
1863,401,387,96,80,1,14,19,67,21,7,4,1,53,32,1013,3
1990,401,650,75,64,1,9,20,19,24,13,38,6,80,10,848,2
1752,401,467,100,70,0,16,19,52,32,9,6,1,77,17,621,3
1782,401,548,70,59,0,14,16,13,31,17,30,9,83,17,336,2
1995,401,756,17,4,0,14,19,5,48,10,32,6,90,10,455,1
1638,401,440,97,54,0,20,18,26,27,12,32,1,45,39,1149,3
1815,401,581,100,63,0,23,19,43,35,12,8,2,80,12,290,3
1709,401,515,96,66,0,18,19,9,21,18,29,24,61,21,726,3
1812,401,917,6,3,0,8,17,1,2,7,37,54,95,0,436,1
1742,401,657,63,23,0,22,16,19,19,29,29,3,63,27,403,2
1799,401,723,41,11,1,15,18,11,34,19,30,7,85,9,807,1
1907,401,506,79,7,0,24,17,46,25,16,12,1,56,38,637,2
1924,401,569,76,28,0,13,16,14,40,22,22,3,73,27,306,2
1781,401,466,94,13,0,16,18,8,31,33,25,3,73,29,715,3
1897,401,660,55,31,0,14,18,12,20,19,31,18,80,15,559,2
1596,401,536,95,70,1,13,20,28,43,19,7,2,61,24,514,3
1868,401,486,96,75,1,16,19,79,17,3,2,0,47,53,617,3
1909,401,453,98,53,0,13,18,19,36,17,25,4,61,30,570,3
1600,401,683,63,5,0,21,17,3,20,22,48,7,64,30,428,2
1894,401,459,99,69,1,8,19,46,29,13,7,4,77,25,833,3
1895,401,456,95,65,1,20,18,98,1,1,1,0,58,28,821,3
1889,401,612,83,20,0,19,19,2,48,25,15,11,81,6,259,3
1741,401,387,99,75,1,21,18,23,41,13,16,7,66,28,761,3
1769,401,420,98,91,1,31,19,49,35,10,6,1,67,23,1529,3
1941,401,495,96,41,1,21,18,0,100,0,0,0,57,30,1127,3
1744,401,552,97,86,1,10,19,32,30,21,16,2,69,27,1009,3
1680,401,744,31,2,0,22,16,1,6,21,55,16,81,11,326,1
1858,401,477,98,56,0,22,19,10,48,10,33,0,42,39,446,3
2074,401,474,89,64,0,28,19,44,30,18,5,4,75,17,450,3
1949,401,696,66,22,0,17,16,11,44,25,19,2,96,11,373,2
1903,401,592,100,67,0,8,18,42,21,19,16,3,80,10,443,3
1651,401,650,73,40,0,7,19,7,25,16,43,10,56,33,722,2
1723,401,369,99,83,1,16,19,74,18,7,1,0,60,33,1009,3
1783,401,437,99,90,1,9,19,71,19,5,4,1,65,31,943,3
1634,401,551,76,59,0,16,16,0,50,25,25,0,67,24,167,2
2088,401,429,92,78,1,15,19,61,23,10,4,3,62,26,768,3
1925,401,435,98,72,1,14,18,41,28,17,13,2,73,21,965,3
1851,401,747,47,14,0,19,18,7,29,28,25,10,95,5,239,2
1616,401,512,88,27,0,13,16,10,24,35,30,2,85,19,297,3
2092,401,474,98,65,1,14,18,32,32,23,6,6,52,33,587,3
1652,401,850,12,5,0,5,18,3,5,13,38,41,94,6,235,1
1820,401,551,83,37,1,17,19,29,37,15,17,3,76,17,651,3
1791,401,482,100,67,1,35,18,42,32,17,9,0,75,21,787,3
1677,401,534,100,49,0,22,19,43,41,12,3,1,67,21,259,3
1836,401,506,87,22,0,22,18,22,47,25,5,1,72,17,213,3
1743,401,556,86,56,0,18,18,46,31,2,16,4,81,14,372,3
1801,401,457,100,59,1,21,19,18,52,14,16,0,79,21,333,3
1678,401,497,95,66,1,18,19,45,36,11,8,0,67,33,1112,3
1731,401,719,79,48,0,15,19,7,19,28,34,13,69,23,367,2
1961,401,582,89,67,1,26,19,26,17,16,28,13,68,32,401,3
1900,401,486,96,84,1,19,19,48,27,13,11,1,69,27,739,3
1740,401,521,99,64,0,12,18,49,25,17,7,1,79,15,484,3
1977,401,386,96,65,1,23,19,40,60,0,0,0,46,42,364,3
1952,401,397,98,84,1,8,19,33,0,0,67,0,54,40,1004,3
1625,401,631,65,18,0,23,18,13,24,31,25,6,82,15,464,2
1994,401,428,97,43,1,24,19,37,30,14,18,1,59,39,922,3
1978,401,894,13,1,0,22,19,1,21,19,43,15,93,5,615,1
1805,401,421,99,86,1,9,18,67,0,0,0,33,83,12,1081,3
1704,401,524,97,53,1,9,17,39,29,16,13,2,61,33,338,3
1597,401,532,100,74,1,7,19,42,26,15,15,3,75,20,1007,3
1872,401,674,72,44,0,7,17,58,34,5,2,1,57,36,151,2
1729,401,589,82,43,0,20,18,43,30,15,10,2,73,18,245,3
1612,401,437,97,71,1,25,19,89,11,0,0,0,51,37,704,3
1621,401,717,72,29,0,20,18,33,36,12,17,2,90,10,236,2
1763,401,586,80,50,0,19,19,39,41,12,8,1,79,24,499,2
1854,401,470,98,45,0,17,19,28,56,12,3,1,50,31,703,3
1611,401,474,100,73,1,12,19,41,35,15,7,1,65,26,738,3
1778,401,699,67,35,0,21,19,6,12,20,46,16,70,17,665,2
1615,401,657,75,6,0,26,18,4,23,25,36,12,81,22,508,2
1795,401,759,33,18,0,19,14,2,39,18,34,7,94,13,355,1
2080,401,493,82,67,1,20,19,37,33,14,13,2,65,29,1570,3
1671,401,853,37,16,0,15,18,2,6,11,29,53,92,8,311,1
416,473,866,1,1,0,11,22,0,2,18,51,30,100,3,517,1
425,473,657,45,11,0,16,21,10,24,40,19,7,100,3,510,1
419,473,850,12,5,0,13,21,5,7,27,40,22,100,3,422,1
402,473,893,7,4,0,16,20,0,3,14,39,43,93,4,382,1
430,473,745,17,3,0,17,20,4,26,42,23,5,89,11,240,1
406,473,719,31,6,0,17,21,6,25,34,26,8,100,0,384,1
412,473,783,46,5,0,21,20,7,35,38,15,5,100,4,333,1
413,473,615,75,36,0,17,22,0,0,0,0,0,91,15,419,2
3070,491,479,91,82,0,14,20,55,21,16,6,2,94,6,396,3
3072,491,763,15,19,0,18,19,7,18,36,27,11,100,0,187,1
3060,491,669,48,40,0,19,18,20,17,33,20,10,91,13,235,2
3051,491,892,3,1,0,20,19,0,4,10,38,48,100,0,523,1
3055,491,590,66,52,0,10,19,30,23,26,15,6,87,13,198,2
194,507,514,76,48,0,16,19,31,44,16,8,1,76,2,602,2
211,507,386,75,48,1,14,20,34,42,21,4,0,57,22,413,2
182,507,411,81,45,0,22,19,12,57,22,8,1,64,29,494,3
167,507,774,69,51,0,7,19,19,30,24,20,8,95,0,255,2
203,507,844,11,2,0,6,19,4,25,24,31,16,100,0,179,1
187,507,498,77,30,0,19,20,31,32,31,5,1,78,11,322,2
201,507,624,59,16,0,13,18,20,31,31,12,5,100,0,191,2
210,507,432,90,29,0,17,19,11,32,19,35,4,58,25,595,3
184,507,435,87,70,1,4,19,51,24,17,5,3,69,15,643,3
165,507,449,71,21,0,19,20,30,55,9,6,0,45,31,367,2
181,507,724,15,3,0,18,21,2,15,32,34,18,93,7,196,1
198,507,894,9,2,0,7,20,0,13,17,34,36,95,5,213,1
2240,541,599,76,12,0,20,19,0,0,0,0,0,61,44,198,2
2247,541,508,77,43,0,16,20,0,0,0,0,0,44,48,333,2
2267,570,897,11,1,0,13,22,1,28,23,39,8,75,25,547,1
2278,570,457,93,62,1,16,21,47,32,16,3,1,53,44,684,3
2282,570,582,64,25,0,20,21,19,30,28,17,6,86,14,312,2
4448,575,903,2,12,0,7,20,1,2,10,40,47,100,0,696,1
4435,575,863,5,10,0,12,18,0,4,16,40,40,100,7,393,1
4449,575,844,3,13,0,15,19,0,3,21,41,34,100,0,462,1
4431,575,858,6,5,0,21,20,0,6,24,38,31,100,2,672,1
4427,575,802,21,11,0,11,18,8,9,35,29,20,100,0,541,1
4443,575,875,4,9,0,9,19,0,2,16,43,38,100,0,606,1
3698,600,720,55,9,0,19,18,10,68,18,5,0,100,4,332,2
3696,600,483,89,43,0,38,19,46,44,8,3,0,100,0,334,3
3715,600,696,50,11,0,23,19,6,64,23,6,0,100,0,495,2
3697,600,690,65,5,0,26,21,2,90,7,1,0,100,0,319,2
3700,600,717,77,11,0,29,19,28,42,24,6,0,100,0,351,2
3701,600,687,62,18,0,19,21,5,65,25,4,1,100,0,318,2
3518,605,623,60,23,0,16,19,25,31,28,14,3,94,16,384,2
3511,605,688,40,10,0,23,20,15,18,38,17,13,92,11,554,1
3520,605,643,63,29,1,19,19,24,20,28,10,17,87,23,573,2
3516,605,574,65,21,0,24,20,24,26,36,10,4,84,16,243,2
3525,605,632,51,18,1,19,19,21,27,33,12,7,91,15,555,2
3537,605,694,12,4,1,15,19,3,12,41,27,17,89,16,617,1
3519,605,532,62,36,0,19,19,39,29,22,6,3,87,23,541,2
3523,605,657,48,14,0,23,20,14,33,42,7,4,89,17,515,2
3535,605,705,20,6,0,15,19,7,19,38,18,19,96,11,490,1
3765,620,758,45,10,0,21,22,0,46,25,23,5,94,12,207,1
3736,620,556,61,46,0,39,22,22,26,30,20,3,96,15,657,2
3785,620,459,98,52,0,36,19,31,29,22,17,1,100,17,645,3
3741,620,573,100,51,0,31,20,37,31,15,16,2,100,6,434,3
3757,620,707,57,11,0,22,21,4,15,46,23,12,100,11,309,2
3751,620,592,100,22,0,35,20,0,85,11,2,2,100,13,222,3
3791,620,724,49,20,0,24,19,0,22,33,36,9,100,11,401,2
3772,620,829,22,7,0,14,19,10,26,21,30,13,100,0,329,1
3758,620,690,98,51,0,10,20,28,25,28,15,4,100,5,230,3
3794,620,610,100,47,0,31,20,75,15,0,0,10,100,18,170,3
3793,620,528,99,35,0,27,18,19,41,30,8,3,96,4,358,3
3759,620,585,54,11,0,27,25,8,31,22,29,10,100,8,133,2
3784,620,859,18,1,0,9,21,0,7,17,35,42,100,0,406,1
3754,620,732,63,8,0,37,19,16,36,24,22,2,100,9,292,2
3196,621,799,21,8,0,12,19,15,43,21,16,5,98,3,560,1
3203,621,845,14,4,0,12,19,6,25,27,35,9,97,6,410,1
3200,621,854,6,1,0,13,19,4,31,25,36,4,97,0,586,1
3184,621,790,26,15,0,17,19,16,27,23,29,6,95,7,539,1
3202,621,839,12,3,0,17,17,8,20,24,39,9,100,8,203,1
3187,621,689,51,36,0,13,19,31,25,16,23,5,90,10,519,2
3193,621,841,6,5,0,17,19,3,23,24,35,16,97,3,510,1
4132,627,493,94,41,1,33,20,53,27,15,4,1,73,29,590,3
4128,627,643,82,24,1,19,20,30,35,22,9,4,85,18,522,3
4131,627,698,62,29,1,15,20,19,33,22,19,7,98,0,583,2
4173,627,486,95,40,1,24,20,55,31,12,2,0,87,15,645,3
4167,627,612,75,26,0,16,20,28,24,34,11,3,100,5,277,2
4140,627,630,67,21,1,21,20,25,28,30,12,4,85,13,607,2
4145,627,525,78,18,1,25,20,23,32,30,10,4,86,14,439,2
4143,627,485,94,40,1,37,19,60,23,14,3,1,76,18,583,3
4136,627,474,92,34,1,28,20,48,31,17,3,0,81,19,470,3
4488,630,521,97,77,0,14,19,61,18,15,4,1,79,4,210,3
4576,630,801,32,18,0,14,20,7,22,29,33,9,98,0,548,1
4506,630,709,59,17,0,20,16,10,25,36,20,9,100,0,135,2
4554,630,836,29,27,0,17,19,19,13,8,26,33,100,0,231,1
4518,630,769,47,6,0,13,19,7,18,36,20,19,96,4,295,2
4486,630,706,62,15,0,13,21,12,27,27,29,6,100,2,645,2
4537,630,655,78,27,0,16,19,21,26,32,16,7,100,0,438,2
4585,630,845,31,24,0,25,19,3,5,11,27,54,100,0,469,1
4573,630,789,41,27,0,16,20,12,26,25,32,5,100,2,575,1
4534,630,445,100,70,0,,,44,25,15,13,3,90,0,512,3
4581,630,708,74,2,0,24,19,1,55,31,10,4,98,2,603,2
4507,630,751,71,19,0,20,17,10,16,41,16,18,100,0,130,2
4522,630,461,100,74,0,22,19,55,31,10,3,1,85,3,726,3
4530,630,757,58,14,0,16,18,6,17,36,30,10,98,4,525,2
4583,630,865,40,8,0,17,19,4,17,27,29,23,100,0,344,1
4485,630,567,81,45,0,26,18,45,31,18,5,1,97,3,400,3
4558,630,748,62,21,0,11,18,11,20,39,21,9,95,5,253,2
4480,630,612,79,34,0,15,20,26,31,25,14,4,82,7,354,2
4533,630,500,95,69,0,24,19,45,29,12,8,5,97,0,350,3
4574,630,740,54,18,0,14,20,10,21,33,28,9,100,0,612,2
4580,630,740,66,2,0,19,19,2,27,44,23,4,100,0,543,2
4596,630,883,4,3,0,9,20,1,10,9,52,28,97,3,556,1
4514,630,799,38,10,0,14,19,5,18,29,26,21,100,0,378,1
4519,630,887,19,8,0,10,19,3,14,19,33,31,100,0,256,1
4502,630,493,91,71,0,27,19,70,19,8,3,1,87,7,410,3
4516,630,586,93,59,0,21,20,53,35,8,4,0,90,3,763,3
4511,630,626,79,36,0,11,19,24,29,28,14,6,92,8,159,2
4487,630,528,91,68,1,10,18,47,28,14,8,4,81,4,459,3
4528,630,741,44,18,0,17,20,5,21,41,22,11,100,2,353,1
4539,630,620,71,23,0,14,20,12,33,24,22,9,41,59,216,2
4547,630,803,48,18,0,17,18,9,22,36,24,8,100,0,266,2
4731,632,655,56,28,0,13,18,9,26,34,20,12,82,14,267,2
4720,632,597,71,37,0,8,17,19,53,17,11,1,81,0,197,2
4783,632,789,20,11,0,4,19,2,7,17,37,37,76,10,237,1
4737,632,808,61,26,0,7,21,8,33,23,32,4,81,11,329,2
4736,632,532,83,39,0,10,18,22,39,24,15,0,69,21,335,3
4714,632,503,68,29,0,10,18,31,38,17,13,1,83,13,206,2
4781,632,655,53,12,0,7,20,9,74,11,4,1,94,0,187,2
4698,632,781,28,26,0,9,20,7,14,17,38,24,95,5,280,1
4775,632,808,14,5,0,3,19,1,7,12,35,45,87,10,448,1
4747,632,643,72,13,0,12,19,9,36,35,16,4,94,6,229,2
4744,632,700,78,44,0,5,20,31,38,15,13,3,78,6,215,2
4729,632,558,82,41,0,8,19,47,37,7,6,3,90,0,189,3
4780,632,795,15,6,0,5,19,0,6,14,43,36,77,17,404,1
4774,632,682,35,22,0,2,19,4,9,14,45,28,80,0,222,1
4777,632,682,75,6,0,10,19,0,36,29,29,7,63,26,240,2
5387,635,892,2,3,0,13,19,0,3,10,46,40,78,5,602,1
5386,635,876,9,3,0,14,19,2,5,13,54,27,96,0,387,1
5370,635,790,17,10,0,17,18,5,17,28,38,11,96,4,350,1
5366,635,558,57,47,0,22,17,41,30,18,9,2,100,0,327,2
5358,635,575,56,50,0,19,18,32,24,24,14,5,92,0,257,2
5388,635,686,28,23,0,13,18,6,15,33,27,18,95,5,281,1
5371,635,710,37,23,0,18,20,16,18,28,17,21,71,8,344,1
5362,635,487,62,47,0,21,18,28,44,14,13,1,86,9,310,2
3867,636,762,23,1,0,8,20,1,17,38,36,8,100,0,337,1
3848,636,801,27,1,0,19,20,1,24,33,30,11,95,5,317,1
3834,636,640,69,42,0,22,19,8,30,34,24,4,95,5,297,2
3833,636,601,100,24,0,31,20,30,31,25,13,1,85,10,269,3
3828,636,624,78,12,0,36,20,16,28,39,12,4,86,10,290,2
3839,636,863,14,1,0,18,20,0,9,24,39,28,100,0,355,1
3843,636,709,52,3,0,24,20,7,34,37,18,4,100,0,339,2
3854,636,883,20,1,0,24,21,1,14,28,35,22,96,4,394,1
3845,636,763,40,2,0,24,17,11,24,33,22,11,80,15,300,1
3850,636,727,40,1,0,29,18,10,35,25,23,8,100,0,146,1
3864,636,568,78,30,0,36,20,17,38,35,9,2,75,10,321,2
3853,636,743,48,2,0,27,20,6,28,38,21,7,92,8,367,2
3869,636,724,48,25,0,19,20,10,26,33,27,4,90,7,457,2
3826,636,831,11,2,0,9,20,1,6,27,48,18,88,8,318,1
3824,636,876,23,1,0,21,23,3,11,28,29,30,95,0,399,1
3835,636,556,100,28,0,32,20,33,26,25,13,3,79,15,410,3
3865,636,847,9,0,0,8,20,1,15,25,38,21,95,5,312,1
3822,636,622,76,6,0,38,20,7,59,29,6,0,95,5,222,2
3129,653,531,82,74,1,13,22,43,37,16,3,1,83,17,602,3
3128,653,521,90,74,1,12,21,54,28,14,3,1,75,24,779,3
3127,653,473,95,86,1,15,21,83,8,8,0,0,71,29,590,3
3121,653,529,88,75,1,13,19,46,33,15,4,3,83,17,611,3
3145,653,806,32,14,0,20,21,10,24,43,14,9,91,9,695,1
3133,653,744,58,35,0,13,20,22,26,32,10,10,88,12,688,2
3151,653,444,91,88,1,14,21,58,30,10,1,0,70,30,593,3
6068,689,714,45,21,0,13,18,50,50,0,0,0,96,0,368,1
6072,689,865,5,0,0,4,20,0,0,0,0,0,100,0,451,1
6057,689,641,45,17,0,13,20,50,0,0,50,0,100,0,657,1
6065,689,772,11,2,0,16,18,0,0,0,0,0,96,0,374,1
6062,689,750,21,4,0,15,19,0,0,0,0,0,100,0,397,1
6060,689,738,18,2,0,13,19,0,0,0,100,0,97,3,392,1
4879,716,529,83,28,0,16,18,31,23,29,14,4,80,13,352,3
4871,716,554,84,24,0,23,19,75,9,10,5,1,83,12,535,3
4875,716,504,90,46,1,19,20,33,17,20,20,10,83,17,657,3
4859,716,592,80,33,0,22,18,22,31,29,16,2,92,8,532,2
4877,716,627,86,35,1,16,20,41,26,22,8,2,80,9,612,3
4880,716,625,59,8,1,19,19,18,44,25,13,1,93,5,559,2
4881,716,436,100,49,0,19,19,40,20,13,28,0,80,17,363,3
4876,716,487,86,26,0,26,18,50,0,0,50,0,80,8,300,3
4868,716,610,84,34,0,27,20,27,39,15,18,1,82,12,331,3
4862,716,516,100,35,1,33,18,32,26,25,13,4,72,21,704,3
4878,716,465,90,27,0,21,21,13,25,40,17,4,74,15,466,3
5920,779,654,48,15,0,16,18,21,35,21,19,4,100,0,364,2
5917,779,735,42,4,0,16,19,8,42,24,20,7,100,0,360,1
5927,779,576,68,26,1,21,19,36,37,16,9,2,96,4,657,2
5926,779,469,91,54,0,17,18,52,36,6,6,0,100,3,391,3
5933,779,515,91,28,0,32,17,40,45,11,4,0,88,12,218,3
469,796,543,82,25,0,23,20,27,46,16,9,1,80,6,400,3
468,796,783,31,6,0,15,19,7,38,22,23,10,96,8,317,1
482,796,745,27,12,0,11,18,5,29,23,37,7,95,5,266,1
489,796,720,34,8,0,20,19,8,34,26,26,6,85,7,461,1
504,796,802,26,10,0,21,19,3,27,21,37,12,91,5,360,1
488,796,539,98,12,0,18,20,10,75,13,1,0,93,7,301,3
479,796,512,98,34,0,31,19,31,48,11,9,1,83,6,269,3